Terminator3,DrManhattan,DrManhattan
DrManhattan,Terminator3,DrManhattan
John_Doe,Rambo,Rambo
Rambo,DrManhattan,DrManhattan
Terminator3,DrManhattan,DrManhattan
Terminator3,DrManhattan,DrManhattan
Rambo,Terminator3,Rambo
Terminator3,Rambo,Rambo
John_Doe,Geralt,Geralt
Geralt,DrManhattan,DrManhattan
Terminator3,DrManhattan,DrManhattan
Terminator3,Geralt,Terminator3
Terminator3,Geralt,Terminator3
John_Doe,Rambo,Rambo
Terminator3,Rambo,Rambo
Terminator3,Geralt,Terminator3
Geralt,Terminator3,Terminator3
Terminator3,John_Doe,Terminator3
Geralt,DrManhattan,DrManhattan
Terminator3,Geralt,Terminator3
DrManhattan,Terminator3,DrManhattan
Rambo,DrManhattan,DrManhattan
DrManhattan,Terminator3,DrManhattan
John_Doe,Terminator3,Terminator3
Terminator3,Geralt,Terminator3
John_Doe,DrManhattan,DrManhattan
Rambo,DrManhattan,DrManhattan
Terminator3,Geralt,Terminator3
John_Doe,Geralt,Geralt
Terminator3,Geralt,Terminator3
Rambo,Terminator3,Rambo
Rambo,Geralt,Rambo
Rambo,Terminator3,Rambo
John_Doe,DrManhattan,DrManhattan
Geralt,Rambo,Rambo
Rambo,Geralt,Rambo
DrManhattan,John_Doe,DrManhattan
Terminator3,John_Doe,Terminator3
John_Doe,Rambo,Rambo
Geralt,Terminator3,Terminator3
Terminator3,John_Doe,Terminator3
DrManhattan,Rambo,DrManhattan
Geralt,Terminator3,Geralt
Terminator3,John_Doe,Terminator3
DrManhattan,Geralt,DrManhattan
John_Doe,Rambo,Rambo
Rambo,Terminator3,Rambo
Rambo,Geralt,Rambo
Terminator3,DrManhattan,DrManhattan
Geralt,John_Doe,Geralt
DrManhattan,Terminator3,DrManhattan
Terminator3,DrManhattan,DrManhattan
Terminator3,John_Doe,Terminator3
John_Doe,Terminator3,Terminator3
Rambo,Geralt,Rambo
Geralt,DrManhattan,DrManhattan
Geralt,DrManhattan,DrManhattan
DrManhattan,Terminator3,DrManhattan
Terminator3,DrManhattan,DrManhattan
Rambo,Geralt,Rambo
DrManhattan,Terminator3,DrManhattan
Rambo,Geralt,Rambo
John_Doe,Terminator3,Terminator3
Terminator3,DrManhattan,DrManhattan
Terminator3,DrManhattan,DrManhattan
Rambo,Geralt,Rambo
Geralt,DrManhattan,DrManhattan
John_Doe,DrManhattan,DrManhattan
John_Doe,Terminator3,Terminator3
Geralt,Terminator3,Terminator3
Geralt,Rambo,Rambo
Geralt,Terminator3,Terminator3
Geralt,Rambo,Rambo
John_Doe,DrManhattan,DrManhattan
Geralt,John_Doe,Geralt
Rambo,Geralt,Rambo
Terminator3,John_Doe,Terminator3
Geralt,John_Doe,Geralt
Geralt,Rambo,Rambo
Geralt,Rambo,Rambo
Terminator3,John_Doe,Terminator3
DrManhattan,John_Doe,DrManhattan
Terminator3,Rambo,Rambo
John_Doe,Rambo,Rambo
Geralt,DrManhattan,DrManhattan
Geralt,Terminator3,Terminator3
DrManhattan,Rambo,DrManhattan
Geralt,DrManhattan,DrManhattan
Terminator3,John_Doe,Terminator3
Geralt,John_Doe,Geralt
John_Doe,Terminator3,Terminator3
Terminator3,Rambo,Rambo
Terminator3,Geralt,Terminator3
John_Doe,DrManhattan,DrManhattan
Rambo,Terminator3,Rambo
Geralt,Rambo,Rambo
Geralt,DrManhattan,DrManhattan
Rambo,Geralt,Rambo
DrManhattan,Terminator3,DrManhattan
Terminator3,Geralt,Terminator3
DrManhattan,Terminator3,DrManhattan
Geralt,Terminator3,Terminator3
DrManhattan,Terminator3,DrManhattan
DrManhattan,Geralt,DrManhattan
Rambo,Geralt,Rambo
Rambo,Terminator3,Rambo
John_Doe,DrManhattan,DrManhattan
Terminator3,DrManhattan,DrManhattan
Rambo,Terminator3,Rambo
Geralt,Terminator3,Geralt
Terminator3,Rambo,Rambo
Terminator3,Geralt,Terminator3
Rambo,Geralt,Rambo
John_Doe,Terminator3,Terminator3
Terminator3,Geralt,Terminator3
Terminator3,DrManhattan,DrManhattan
Rambo,DrManhattan,DrManhattan
Terminator3,Geralt,Terminator3
Geralt,Terminator3,Terminator3
Rambo,John_Doe,Rambo
DrManhattan,Geralt,DrManhattan
Rambo,Terminator3,Rambo
Terminator3,DrManhattan,DrManhattan
Rambo,Geralt,Rambo
John_Doe,DrManhattan,DrManhattan
John_Doe,DrManhattan,DrManhattan
Rambo,Terminator3,Rambo
Geralt,DrManhattan,DrManhattan
Geralt,John_Doe,Geralt
Terminator3,Geralt,Terminator3
DrManhattan,Terminator3,DrManhattan
DrManhattan,John_Doe,DrManhattan
Terminator3,Geralt,Terminator3
Rambo,Terminator3,Rambo
Rambo,John_Doe,Rambo
Rambo,John_Doe,Rambo
John_Doe,Terminator3,Terminator3
John_Doe,Geralt,Geralt
Rambo,DrManhattan,DrManhattan
DrManhattan,Rambo,DrManhattan
Rambo,Terminator3,Rambo
Terminator3,Rambo,Rambo
Terminator3,DrManhattan,DrManhattan
Terminator3,Geralt,Terminator3
John_Doe,Terminator3,Terminator3
Geralt,Terminator3,Geralt
Geralt,DrManhattan,DrManhattan
Terminator3,John_Doe,Terminator3
DrManhattan,Terminator3,DrManhattan
John_Doe,Rambo,Rambo
Terminator3,John_Doe,Terminator3
Geralt,Rambo,Rambo
Rambo,John_Doe,Rambo
Geralt,Rambo,Rambo
Geralt,Terminator3,Terminator3
DrManhattan,Geralt,DrManhattan
Geralt,DrManhattan,DrManhattan
John_Doe,Rambo,Rambo
John_Doe,DrManhattan,DrManhattan
Terminator3,Geralt,Terminator3
Rambo,Geralt,Rambo
Rambo,Geralt,Rambo
John_Doe,Terminator3,Terminator3
DrManhattan,John_Doe,DrManhattan
Rambo,Terminator3,Rambo
Terminator3,Geralt,Terminator3
DrManhattan,John_Doe,DrManhattan
Geralt,John_Doe,Geralt
Terminator3,John_Doe,Terminator3
Rambo,John_Doe,Rambo
John_Doe,DrManhattan,DrManhattan
Terminator3,John_Doe,Terminator3
Rambo,Geralt,Rambo
Terminator3,John_Doe,Terminator3
John_Doe,DrManhattan,DrManhattan
Rambo,John_Doe,Rambo
John_Doe,Terminator3,Terminator3
Rambo,Terminator3,Rambo
Terminator3,John_Doe,Terminator3
DrManhattan,Terminator3,DrManhattan
John_Doe,Geralt,John_Doe
DrManhattan,Terminator3,DrManhattan
Rambo,Geralt,Rambo
DrManhattan,John_Doe,DrManhattan
DrManhattan,Geralt,DrManhattan
Geralt,Terminator3,Terminator3
Rambo,Terminator3,Rambo
DrManhattan,Rambo,DrManhattan
DrManhattan,Rambo,DrManhattan
Rambo,Geralt,Rambo
Terminator3,DrManhattan,DrManhattan
Rambo,Terminator3,Rambo
John_Doe,Rambo,Rambo
DrManhattan,Terminator3,DrManhattan
Terminator3,Rambo,Rambo
Geralt,DrManhattan,DrManhattan
DrManhattan,John_Doe,DrManhattan
Geralt,Rambo,Rambo
Terminator3,Geralt,Terminator3
Geralt,DrManhattan,DrManhattan
DrManhattan,Geralt,DrManhattan
DrManhattan,Rambo,DrManhattan
John_Doe,Geralt,Geralt
Rambo,John_Doe,Rambo
Rambo,John_Doe,Rambo
Geralt,DrManhattan,DrManhattan
Geralt,John_Doe,Geralt
Rambo,John_Doe,Rambo
Geralt,Rambo,Rambo
Rambo,Geralt,Rambo
Terminator3,John_Doe,Terminator3
Rambo,DrManhattan,DrManhattan
Terminator3,Geralt,Terminator3
Geralt,Rambo,Rambo
Geralt,Rambo,Rambo
John_Doe,DrManhattan,DrManhattan
Geralt,DrManhattan,DrManhattan
Terminator3,Geralt,Terminator3
Terminator3,Geralt,Terminator3
DrManhattan,John_Doe,DrManhattan
Terminator3,DrManhattan,DrManhattan
Terminator3,Geralt,Terminator3
Rambo,John_Doe,Rambo
Rambo,Terminator3,Rambo
Rambo,Terminator3,Rambo
Rambo,John_Doe,Rambo
Geralt,John_Doe,Geralt
Terminator3,DrManhattan,DrManhattan
Rambo,Terminator3,Rambo
Rambo,DrManhattan,DrManhattan
Geralt,Rambo,Rambo
DrManhattan,Terminator3,DrManhattan
Geralt,Rambo,Rambo
Terminator3,DrManhattan,DrManhattan
Terminator3,DrManhattan,DrManhattan
DrManhattan,Geralt,DrManhattan
Rambo,DrManhattan,DrManhattan
DrManhattan,John_Doe,DrManhattan
John_Doe,DrManhattan,DrManhattan
Geralt,Terminator3,Terminator3
John_Doe,Rambo,Rambo
Terminator3,DrManhattan,DrManhattan
Geralt,DrManhattan,DrManhattan
Geralt,Rambo,Rambo
Rambo,Terminator3,Rambo
Terminator3,DrManhattan,DrManhattan
Geralt,John_Doe,Geralt
John_Doe,Terminator3,Terminator3
DrManhattan,Rambo,DrManhattan
DrManhattan,Rambo,DrManhattan
Geralt,DrManhattan,DrManhattan
DrManhattan,Rambo,DrManhattan
Terminator3,DrManhattan,DrManhattan
Terminator3,Geralt,Terminator3
John_Doe,Terminator3,Terminator3
DrManhattan,Rambo,DrManhattan
Geralt,Rambo,Rambo
DrManhattan,John_Doe,DrManhattan
Rambo,Geralt,Rambo
John_Doe,Rambo,Rambo
Terminator3,Geralt,Terminator3
Terminator3,John_Doe,Terminator3
Rambo,DrManhattan,DrManhattan
Terminator3,John_Doe,Terminator3
DrManhattan,Rambo,DrManhattan
Rambo,DrManhattan,DrManhattan
DrManhattan,Terminator3,DrManhattan
John_Doe,DrManhattan,DrManhattan
DrManhattan,Geralt,DrManhattan
Rambo,Geralt,Rambo
DrManhattan,Terminator3,DrManhattan
DrManhattan,Geralt,DrManhattan
John_Doe,Terminator3,Terminator3
DrManhattan,Rambo,DrManhattan
Terminator3,Rambo,Rambo
Terminator3,DrManhattan,DrManhattan
John_Doe,Geralt,Geralt
Geralt,Terminator3,Terminator3
John_Doe,Terminator3,Terminator3
Terminator3,John_Doe,Terminator3
Terminator3,Rambo,Rambo
DrManhattan,Rambo,DrManhattan
John_Doe,Geralt,Geralt
DrManhattan,Rambo,DrManhattan
Terminator3,John_Doe,Terminator3
Geralt,Terminator3,Terminator3
Geralt,Rambo,Rambo
Rambo,Terminator3,Rambo
John_Doe,Terminator3,Terminator3
DrManhattan,Rambo,DrManhattan
DrManhattan,Terminator3,DrManhattan
Terminator3,DrManhattan,DrManhattan
Terminator3,John_Doe,Terminator3
DrManhattan,Terminator3,DrManhattan
Rambo,John_Doe,Rambo
DrManhattan,Geralt,DrManhattan
Rambo,DrManhattan,DrManhattan
Terminator3,DrManhattan,DrManhattan
Terminator3,Rambo,Rambo
Terminator3,Rambo,Rambo
DrManhattan,Geralt,DrManhattan
Terminator3,Geralt,Terminator3
Terminator3,DrManhattan,DrManhattan
John_Doe,DrManhattan,DrManhattan
John_Doe,Rambo,Rambo
Rambo,DrManhattan,DrManhattan
Rambo,Geralt,Rambo
Geralt,John_Doe,Geralt
John_Doe,Terminator3,Terminator3
Geralt,Rambo,Rambo
Terminator3,Geralt,Terminator3
Geralt,DrManhattan,DrManhattan
DrManhattan,Geralt,DrManhattan
DrManhattan,Rambo,DrManhattan
Rambo,Terminator3,Rambo
John_Doe,Rambo,Rambo
Geralt,John_Doe,Geralt
John_Doe,Rambo,Rambo
Rambo,Geralt,Rambo
Terminator3,John_Doe,Terminator3
Geralt,John_Doe,Geralt
John_Doe,Geralt,Geralt
Rambo,John_Doe,Rambo
Terminator3,Rambo,Rambo
Rambo,DrManhattan,DrManhattan
John_Doe,DrManhattan,DrManhattan
Geralt,John_Doe,Geralt
Geralt,John_Doe,Geralt
DrManhattan,John_Doe,DrManhattan
Terminator3,Rambo,Rambo
DrManhattan,John_Doe,DrManhattan
DrManhattan,Geralt,DrManhattan
Rambo,DrManhattan,DrManhattan
Geralt,DrManhattan,DrManhattan
Geralt,Rambo,Rambo
John_Doe,Geralt,Geralt
Rambo,John_Doe,Rambo
John_Doe,Rambo,Rambo
John_Doe,Geralt,Geralt
DrManhattan,Terminator3,DrManhattan
Geralt,John_Doe,Geralt
DrManhattan,Terminator3,DrManhattan
Terminator3,Geralt,Terminator3
Geralt,Rambo,Rambo
Terminator3,Rambo,Rambo
Terminator3,DrManhattan,DrManhattan
Geralt,John_Doe,Geralt
Rambo,DrManhattan,DrManhattan
Geralt,DrManhattan,DrManhattan
DrManhattan,Geralt,DrManhattan
Geralt,Terminator3,Terminator3
DrManhattan,Rambo,DrManhattan
Terminator3,Geralt,Terminator3
Terminator3,John_Doe,Terminator3
John_Doe,Rambo,Rambo
John_Doe,DrManhattan,DrManhattan
Rambo,John_Doe,Rambo
Rambo,Geralt,Rambo
DrManhattan,John_Doe,DrManhattan
John_Doe,Geralt,Geralt
Geralt,John_Doe,Geralt
John_Doe,Terminator3,Terminator3
DrManhattan,John_Doe,DrManhattan
Geralt,John_Doe,Geralt
John_Doe,Geralt,Geralt
DrManhattan,John_Doe,DrManhattan
Rambo,DrManhattan,DrManhattan
Rambo,Geralt,Rambo
DrManhattan,Terminator3,DrManhattan
John_Doe,DrManhattan,DrManhattan
John_Doe,Geralt,Geralt
John_Doe,Terminator3,Terminator3
Terminator3,John_Doe,Terminator3
Geralt,Rambo,Rambo
DrManhattan,Terminator3,DrManhattan
DrManhattan,Rambo,DrManhattan
John_Doe,Geralt,Geralt
Geralt,Rambo,Rambo
Geralt,Terminator3,Terminator3
John_Doe,Rambo,Rambo
Geralt,Rambo,Rambo
DrManhattan,Terminator3,DrManhattan
John_Doe,Geralt,Geralt
Geralt,John_Doe,Geralt
Geralt,Rambo,Rambo
DrManhattan,Geralt,DrManhattan
Terminator3,Geralt,Terminator3
Terminator3,Geralt,Terminator3
Terminator3,John_Doe,Terminator3
Geralt,Rambo,Rambo
Rambo,Geralt,Rambo
Geralt,Rambo,Rambo
Geralt,DrManhattan,DrManhattan
Geralt,DrManhattan,DrManhattan
Geralt,Terminator3,Terminator3
Rambo,Terminator3,Rambo
Geralt,Terminator3,Terminator3
DrManhattan,Geralt,DrManhattan
Rambo,DrManhattan,DrManhattan
Geralt,John_Doe,Geralt
John_Doe,DrManhattan,DrManhattan
Rambo,Geralt,Rambo
Terminator3,John_Doe,Terminator3
Terminator3,Geralt,Terminator3
TheKing,Geralt,TheKing
Geralt,TheKing,TheKing
Terminator3,DrManhattan,DrManhattan
Terminator3,Geralt,Terminator3
John_Doe,Terminator3,Terminator3
Geralt,Rambo,Rambo
Rambo,Geralt,Rambo
Terminator3,Geralt,Terminator3
DrManhattan,Terminator3,DrManhattan
John_Doe,Rambo,Rambo
DrManhattan,Terminator3,DrManhattan
Geralt,Terminator3,Terminator3
TheKing,John_Doe,TheKing
John_Doe,Terminator3,Terminator3
Rambo,Terminator3,Rambo
DrManhattan,Rambo,DrManhattan
Geralt,John_Doe,Geralt
TheKing,John_Doe,TheKing
John_Doe,TheKing,TheKing
Geralt,Terminator3,Terminator3
Rambo,TheKing,TheKing
Rambo,John_Doe,Rambo
Geralt,TheKing,TheKing
Rambo,TheKing,TheKing
Terminator3,Geralt,Terminator3
Terminator3,John_Doe,Terminator3
Geralt,Terminator3,Terminator3
Rambo,DrManhattan,DrManhattan
DrManhattan,John_Doe,DrManhattan
TheKing,Terminator3,TheKing
John_Doe,Terminator3,Terminator3
Geralt,DrManhattan,DrManhattan
TheKing,John_Doe,TheKing
DrManhattan,John_Doe,DrManhattan
DrManhattan,John_Doe,DrManhattan
Rambo,Terminator3,Rambo
Rambo,DrManhattan,DrManhattan
John_Doe,TheKing,TheKing
DrManhattan,Geralt,DrManhattan
John_Doe,Terminator3,Terminator3
John_Doe,DrManhattan,DrManhattan
Rambo,DrManhattan,DrManhattan
Rambo,Terminator3,Rambo
Rambo,DrManhattan,DrManhattan
Geralt,Rambo,Rambo
Terminator3,Rambo,Rambo
Geralt,Terminator3,Terminator3
Terminator3,John_Doe,Terminator3
John_Doe,TheKing,TheKing
Geralt,DrManhattan,DrManhattan
Geralt,Terminator3,Terminator3
Terminator3,TheKing,TheKing
TheKing,Geralt,TheKing
TheKing,Terminator3,TheKing
Geralt,John_Doe,Geralt
Rambo,Terminator3,Rambo
DrManhattan,Terminator3,DrManhattan
DrManhattan,Rambo,DrManhattan
Rambo,Geralt,Rambo
TheKing,Geralt,TheKing
Rambo,John_Doe,Rambo
Geralt,DrManhattan,DrManhattan
Geralt,TheKing,TheKing
DrManhattan,Geralt,DrManhattan
Rambo,John_Doe,Rambo
DrManhattan,John_Doe,DrManhattan
John_Doe,TheKing,TheKing
TheKing,John_Doe,TheKing
Geralt,DrManhattan,DrManhattan
DrManhattan,Geralt,DrManhattan
John_Doe,TheKing,TheKing
John_Doe,DrManhattan,DrManhattan
Terminator3,TheKing,TheKing
John_Doe,Geralt,Geralt
Rambo,Terminator3,Rambo
John_Doe,Rambo,Rambo
Terminator3,John_Doe,Terminator3
John_Doe,Geralt,Geralt
John_Doe,DrManhattan,DrManhattan
DrManhattan,TheKing,TheKing
John_Doe,Terminator3,Terminator3
Rambo,TheKing,TheKing
Terminator3,Rambo,Rambo
TheKing,Rambo,TheKing
Terminator3,Rambo,Rambo
DrManhattan,John_Doe,DrManhattan
Terminator3,TheKing,TheKing
Terminator3,Rambo,Rambo
Terminator3,DrManhattan,DrManhattan
TheKing,Terminator3,TheKing
Terminator3,Rambo,Rambo
Terminator3,DrManhattan,DrManhattan
TheKing,DrManhattan,TheKing
Geralt,John_Doe,Geralt
Geralt,TheKing,TheKing
Geralt,DrManhattan,DrManhattan
Terminator3,John_Doe,Terminator3
TheKing,Rambo,TheKing
John_Doe,Rambo,Rambo
Geralt,DrManhattan,DrManhattan
Geralt,DrManhattan,DrManhattan
DrManhattan,TheKing,TheKing
DrManhattan,John_Doe,DrManhattan
DrManhattan,Terminator3,DrManhattan
TheKing,John_Doe,TheKing
DrManhattan,Terminator3,DrManhattan
John_Doe,Geralt,John_Doe
Rambo,TheKing,TheKing
Terminator3,John_Doe,Terminator3
Terminator3,Geralt,Terminator3
Geralt,John_Doe,Geralt
DrManhattan,John_Doe,DrManhattan
Geralt,Terminator3,Terminator3
John_Doe,Geralt,Geralt
Geralt,Rambo,Rambo
John_Doe,Rambo,Rambo
TheKing,Terminator3,TheKing
John_Doe,TheKing,TheKing
TheKing,DrManhattan,TheKing
TheKing,Rambo,TheKing
Terminator3,DrManhattan,DrManhattan
Rambo,TheKing,TheKing
DrManhattan,Geralt,DrManhattan
Geralt,TheKing,TheKing
DrManhattan,Terminator3,DrManhattan
Terminator3,Rambo,Rambo
TheKing,DrManhattan,TheKing
Terminator3,John_Doe,Terminator3
Geralt,Terminator3,Terminator3
DrManhattan,Terminator3,DrManhattan
Rambo,DrManhattan,DrManhattan
Rambo,DrManhattan,DrManhattan
Rambo,DrManhattan,DrManhattan
Rambo,Terminator3,Rambo
Terminator3,Rambo,Rambo
John_Doe,Rambo,Rambo
Geralt,Rambo,Rambo
Geralt,Rambo,Rambo
Rambo,DrManhattan,DrManhattan
Geralt,Terminator3,Terminator3
TheKing,Geralt,TheKing
Terminator3,Rambo,Rambo
John_Doe,TheKing,TheKing
TheKing,DrManhattan,TheKing
Rambo,TheKing,TheKing
Terminator3,DrManhattan,DrManhattan
Terminator3,TheKing,TheKing
John_Doe,TheKing,TheKing
DrManhattan,John_Doe,DrManhattan
Rambo,TheKing,TheKing
Geralt,Terminator3,Terminator3
DrManhattan,John_Doe,DrManhattan
Rambo,Geralt,Rambo
John_Doe,Rambo,Rambo
TheKing,DrManhattan,TheKing
Rambo,DrManhattan,DrManhattan
Rambo,Terminator3,Rambo
John_Doe,DrManhattan,DrManhattan
John_Doe,Geralt,Geralt
Geralt,TheKing,TheKing
Geralt,TheKing,TheKing
Rambo,TheKing,TheKing
Terminator3,Rambo,Rambo
Geralt,TheKing,TheKing
TheKing,John_Doe,TheKing
Rambo,TheKing,TheKing
John_Doe,Rambo,Rambo
TheKing,DrManhattan,TheKing
DrManhattan,Terminator3,DrManhattan
Terminator3,John_Doe,Terminator3
John_Doe,Terminator3,Terminator3
Geralt,Rambo,Rambo
TheKing,Geralt,TheKing
John_Doe,Rambo,Rambo
Geralt,John_Doe,Geralt
TheKing,Terminator3,TheKing
Terminator3,Rambo,Rambo
Terminator3,DrManhattan,DrManhattan
DrManhattan,Geralt,DrManhattan
John_Doe,Rambo,Rambo
Terminator3,DrManhattan,DrManhattan
TheKing,Geralt,TheKing
Rambo,DrManhattan,DrManhattan
John_Doe,Terminator3,Terminator3
Geralt,John_Doe,Geralt
John_Doe,Geralt,Geralt
TheKing,Terminator3,TheKing
Geralt,John_Doe,Geralt
TheKing,John_Doe,TheKing
Rambo,Terminator3,Rambo
TheKing,Rambo,TheKing
Terminator3,John_Doe,Terminator3
Rambo,Terminator3,Rambo
Geralt,Rambo,Rambo
TheKing,Terminator3,TheKing
Rambo,John_Doe,Rambo
Geralt,John_Doe,Geralt
Rambo,John_Doe,Rambo
TheKing,John_Doe,TheKing
Geralt,TheKing,TheKing
John_Doe,DrManhattan,DrManhattan
DrManhattan,TheKing,TheKing
Rambo,Geralt,Rambo
John_Doe,Rambo,Rambo
Terminator3,John_Doe,Terminator3
Geralt,Terminator3,Terminator3
TheKing,DrManhattan,TheKing
Rambo,John_Doe,Rambo
Geralt,Terminator3,Terminator3
Rambo,John_Doe,Rambo
Terminator3,John_Doe,Terminator3
Terminator3,DrManhattan,DrManhattan
John_Doe,DrManhattan,DrManhattan
John_Doe,Terminator3,Terminator3
Geralt,John_Doe,Geralt
Rambo,TheKing,TheKing
DrManhattan,Rambo,DrManhattan
Geralt,John_Doe,Geralt
Geralt,John_Doe,Geralt
Geralt,John_Doe,Geralt
John_Doe,DrManhattan,DrManhattan
Terminator3,John_Doe,Terminator3
Geralt,DrManhattan,DrManhattan
Rambo,DrManhattan,DrManhattan
DrManhattan,TheKing,TheKing
John_Doe,Terminator3,Terminator3
Rambo,Terminator3,Rambo
Terminator3,Rambo,Rambo
John_Doe,Geralt,Geralt
Rambo,TheKing,TheKing
Terminator3,DrManhattan,DrManhattan
John_Doe,Geralt,Geralt
DrManhattan,John_Doe,DrManhattan
Geralt,Rambo,Rambo
Geralt,Terminator3,Terminator3
Terminator3,Geralt,Terminator3
Rambo,John_Doe,Rambo
John_Doe,DrManhattan,DrManhattan
TheKing,Rambo,TheKing
Terminator3,Rambo,Rambo
Geralt,TheKing,TheKing
TheKing,DrManhattan,TheKing
TheKing,Terminator3,TheKing
Terminator3,Rambo,Rambo
DrManhattan,John_Doe,DrManhattan
Terminator3,TheKing,TheKing
John_Doe,Rambo,Rambo
Terminator3,TheKing,TheKing
John_Doe,TheKing,TheKing
TheKing,Terminator3,TheKing
John_Doe,TheKing,TheKing
TheKing,Rambo,TheKing
TheKing,John_Doe,TheKing
DrManhattan,Geralt,DrManhattan
Terminator3,Geralt,Terminator3
John_Doe,Rambo,Rambo
John_Doe,DrManhattan,DrManhattan
Terminator3,TheKing,TheKing
John_Doe,Geralt,Geralt
DrManhattan,John_Doe,DrManhattan
TheKing,DrManhattan,TheKing
Terminator3,DrManhattan,DrManhattan
Rambo,TheKing,TheKing
DrManhattan,John_Doe,DrManhattan
John_Doe,DrManhattan,DrManhattan
Rambo,DrManhattan,DrManhattan
Terminator3,Rambo,Rambo
TheKing,Rambo,TheKing
DrManhattan,Rambo,DrManhattan
DrManhattan,John_Doe,DrManhattan
Rambo,TheKing,TheKing
DrManhattan,Rambo,DrManhattan
Terminator3,DrManhattan,DrManhattan
Rambo,DrManhattan,DrManhattan
Rambo,John_Doe,Rambo
John_Doe,Rambo,Rambo
Rambo,TheKing,TheKing
TheKing,Geralt,TheKing
Terminator3,Rambo,Rambo
TheKing,Terminator3,TheKing
Geralt,John_Doe,Geralt
DrManhattan,Rambo,DrManhattan
TheKing,John_Doe,TheKing
Terminator3,Rambo,Rambo
DrManhattan,Rambo,DrManhattan
Terminator3,John_Doe,Terminator3
Geralt,Terminator3,Terminator3
Geralt,John_Doe,Geralt
Geralt,John_Doe,Geralt
Rambo,Geralt,Rambo
Rambo,Geralt,Rambo
Rambo,John_Doe,Rambo
TheKing,John_Doe,TheKing
Geralt,John_Doe,Geralt
John_Doe,TheKing,TheKing
Terminator3,Geralt,Terminator3
TheKing,John_Doe,TheKing
John_Doe,Terminator3,Terminator3
Rambo,Terminator3,Rambo
DrManhattan,John_Doe,DrManhattan
Geralt,John_Doe,Geralt
Rambo,John_Doe,Rambo
TheKing,Terminator3,TheKing
Terminator3,TheKing,TheKing
John_Doe,Terminator3,Terminator3
Terminator3,John_Doe,Terminator3
Geralt,Rambo,Rambo
Geralt,TheKing,TheKing
Terminator3,John_Doe,Terminator3
Terminator3,DrManhattan,DrManhattan
DrManhattan,Terminator3,DrManhattan
Rambo,TheKing,TheKing
DrManhattan,Terminator3,DrManhattan
Rambo,John_Doe,Rambo
TheKing,Rambo,TheKing
Rambo,Terminator3,Rambo
John_Doe,DrManhattan,DrManhattan
Terminator3,John_Doe,Terminator3
Rambo,TheKing,TheKing
Rambo,DrManhattan,DrManhattan
DrManhattan,Rambo,DrManhattan
Rambo,John_Doe,Rambo
Geralt,Terminator3,Terminator3
John_Doe,Geralt,Geralt
TheKing,DrManhattan,TheKing
John_Doe,DrManhattan,DrManhattan
Terminator3,Rambo,Rambo
Rambo,John_Doe,Rambo
Geralt,John_Doe,Geralt
DrManhattan,TheKing,TheKing
Rambo,TheKing,TheKing
John_Doe,DrManhattan,DrManhattan
Rambo,Terminator3,Rambo
John_Doe,TheKing,TheKing
John_Doe,TheKing,TheKing
Geralt,DrManhattan,DrManhattan
DrManhattan,Rambo,DrManhattan
DrManhattan,Geralt,DrManhattan
Rambo,DrManhattan,DrManhattan
Terminator3,TheKing,TheKing
DrManhattan,Terminator3,DrManhattan
John_Doe,Geralt,Geralt
Rambo,DrManhattan,DrManhattan
Rambo,Geralt,Rambo
Geralt,John_Doe,Geralt
TheKing,DrManhattan,TheKing
Geralt,Rambo,Rambo
DrManhattan,Geralt,DrManhattan
John_Doe,Terminator3,Terminator3
Rambo,Terminator3,Rambo
Geralt,John_Doe,Geralt
Geralt,TheKing,TheKing
John_Doe,TheKing,TheKing
Terminator3,TheKing,TheKing
Geralt,TheKing,TheKing
Terminator3,John_Doe,Terminator3
DrManhattan,John_Doe,DrManhattan
Rambo,Terminator3,Rambo
TheKing,Geralt,TheKing
Terminator3,Rambo,Rambo
John_Doe,TheKing,TheKing
John_Doe,DrManhattan,DrManhattan
Rambo,Geralt,Rambo
DrManhattan,John_Doe,DrManhattan
Terminator3,TheKing,TheKing
Rambo,John_Doe,Rambo
Geralt,John_Doe,Geralt
Terminator3,Rambo,Rambo
DrManhattan,John_Doe,DrManhattan
John_Doe,TheKing,TheKing
Rambo,John_Doe,Rambo
DrManhattan,Rambo,DrManhattan
Terminator3,TheKing,TheKing
Geralt,DrManhattan,DrManhattan
Geralt,John_Doe,Geralt
John_Doe,DrManhattan,DrManhattan
Geralt,TheKing,TheKing
John_Doe,Rambo,Rambo
John_Doe,DrManhattan,DrManhattan
TheKing,DrManhattan,TheKing
TheKing,Geralt,TheKing
John_Doe,Rambo,Rambo
TheKing,Rambo,TheKing
Terminator3,Rambo,Rambo
Rambo,Terminator3,Rambo
Rambo,John_Doe,Rambo
DrManhattan,TheKing,TheKing
Terminator3,John_Doe,Terminator3
Terminator3,Geralt,Terminator3
Terminator3,John_Doe,Terminator3
Rambo,John_Doe,Rambo
Geralt,TheKing,TheKing
Geralt,DrManhattan,DrManhattan
Terminator3,Geralt,Terminator3
TheKing,Rambo,TheKing
John_Doe,TheKing,TheKing
Geralt,Rambo,Rambo
John_Doe,DrManhattan,DrManhattan
Geralt,DrManhattan,DrManhattan
DrManhattan,Rambo,DrManhattan
Geralt,DrManhattan,DrManhattan
Terminator3,Rambo,Rambo
Geralt,John_Doe,Geralt
Terminator3,DrManhattan,DrManhattan
Rambo,Terminator3,Rambo
Terminator3,TheKing,TheKing
Rambo,DrManhattan,DrManhattan
TheKing,John_Doe,TheKing
Terminator3,DrManhattan,DrManhattan
DrManhattan,TheKing,TheKing
John_Doe,TheKing,TheKing
John_Doe,Rambo,Rambo
Rambo,John_Doe,Rambo
Geralt,DrManhattan,DrManhattan
DrManhattan,John_Doe,DrManhattan
DrManhattan,John_Doe,DrManhattan
DrManhattan,Geralt,DrManhattan
TheKing,Terminator3,TheKing
Rambo,TheKing,TheKing
Geralt,TheKing,TheKing
Terminator3,DrManhattan,DrManhattan
Terminator3,DrManhattan,DrManhattan
Terminator3,Rambo,Rambo
TheKing,Rambo,TheKing
Geralt,TheKing,TheKing
Terminator3,Geralt,Terminator3
TheKing,Geralt,TheKing
John_Doe,Geralt,John_Doe
Terminator3,TheKing,TheKing
TheKing,John_Doe,TheKing
DrManhattan,TheKing,TheKing
TheKing,John_Doe,TheKing
Rambo,DrManhattan,DrManhattan
TheKing,Geralt,TheKing
DrManhattan,Geralt,DrManhattan
DrManhattan,John_Doe,DrManhattan
Geralt,TheKing,TheKing
DrManhattan,Terminator3,DrManhattan
Terminator3,Geralt,Terminator3
John_Doe,DrManhattan,DrManhattan
John_Doe,Rambo,Rambo
DrManhattan,Geralt,DrManhattan
Terminator3,Geralt,Terminator3
Rambo,Terminator3,Rambo
John_Doe,TheKing,TheKing
Terminator3,Rambo,Rambo
Rambo,DrManhattan,DrManhattan
TheKing,Rambo,TheKing
John_Doe,TheKing,TheKing
TheKing,John_Doe,TheKing
Geralt,Terminator3,Terminator3
Terminator3,DrManhattan,DrManhattan
John_Doe,Terminator3,Terminator3
Rambo,Terminator3,Rambo
TheKing,Rambo,TheKing
Geralt,Rambo,Rambo
TheKing,DrManhattan,TheKing
Rambo,John_Doe,Rambo
Geralt,John_Doe,Geralt
John_Doe,DrManhattan,DrManhattan
Rambo,John_Doe,Rambo
John_Doe,Terminator3,Terminator3
DrManhattan,Terminator3,DrManhattan
DrManhattan,John_Doe,DrManhattan
TheKing,John_Doe,TheKing
Terminator3,John_Doe,Terminator3
DrManhattan,Terminator3,DrManhattan
TheKing,John_Doe,TheKing
TheKing,Rambo,TheKing
Rambo,TheKing,TheKing
Terminator3,John_Doe,Terminator3
John_Doe,Terminator3,Terminator3
John_Doe,DrManhattan,DrManhattan
John_Doe,DrManhattan,DrManhattan
Geralt,Terminator3,Terminator3
Rambo,John_Doe,Rambo
Rambo,Terminator3,Rambo
Terminator3,John_Doe,Terminator3
Terminator3,John_Doe,Terminator3
Rambo,DrManhattan,DrManhattan
Rambo,TheKing,TheKing
John_Doe,Terminator3,Terminator3
DrManhattan,John_Doe,DrManhattan
Rambo,Terminator3,Rambo
TheKing,John_Doe,TheKing
DrManhattan,Rambo,DrManhattan
Geralt,Rambo,Rambo
Rambo,Terminator3,Rambo
Geralt,John_Doe,Geralt
John_Doe,TheKing,TheKing
Rambo,John_Doe,Rambo
DrManhattan,John_Doe,DrManhattan
John_Doe,Geralt,Geralt
John_Doe,Rambo,Rambo
John_Doe,DrManhattan,DrManhattan
DrManhattan,Geralt,DrManhattan
DrManhattan,Terminator3,DrManhattan
DrManhattan,Geralt,DrManhattan
Rambo,Terminator3,Rambo
Terminator3,Geralt,Terminator3
Terminator3,Rambo,Rambo
DrManhattan,TheKing,TheKing
John_Doe,DrManhattan,DrManhattan
Terminator3,TheKing,TheKing
Geralt,TheKing,TheKing
John_Doe,DrManhattan,DrManhattan
Rambo,TheKing,TheKing
TheKing,Geralt,TheKing
DrManhattan,Rambo,DrManhattan
John_Doe,Terminator3,Terminator3
DrManhattan,Rambo,DrManhattan
Terminator3,Geralt,Terminator3
DrManhattan,TheKing,TheKing
TheKing,Terminator3,TheKing
John_Doe,Rambo,Rambo
John_Doe,Rambo,Rambo
Terminator3,Geralt,Terminator3
Geralt,TheKing,TheKing
Rambo,Terminator3,Rambo
Terminator3,TheKing,TheKing
Rambo,DrManhattan,DrManhattan
DrManhattan,TheKing,TheKing
Rambo,Geralt,Rambo
DrManhattan,Rambo,DrManhattan
TheKing,DrManhattan,TheKing
John_Doe,Geralt,Geralt
Terminator3,Geralt,Terminator3
Rambo,Geralt,Rambo
TheKing,Rambo,TheKing
Terminator3,Geralt,Terminator3
John_Doe,Terminator3,Terminator3
John_Doe,Rambo,Rambo
TheKing,Geralt,TheKing
John_Doe,Geralt,Geralt
Terminator3,Geralt,Terminator3
TheKing,Rambo,TheKing
Rambo,TheKing,TheKing
Terminator3,Rambo,Rambo
John_Doe,DrManhattan,DrManhattan
Geralt,John_Doe,Geralt
John_Doe,Terminator3,Terminator3
DrManhattan,Terminator3,DrManhattan
TheKing,Rambo,TheKing
TheKing,Rambo,TheKing
Rambo,Terminator3,Rambo
Geralt,DrManhattan,DrManhattan
Terminator3,Rambo,Rambo
TheKing,John_Doe,TheKing
Terminator3,TheKing,TheKing
John_Doe,TheKing,TheKing
TheKing,Geralt,TheKing
Terminator3,Rambo,Rambo
Geralt,Rambo,Rambo
Terminator3,DrManhattan,DrManhattan
Terminator3,John_Doe,Terminator3
Rambo,TheKing,TheKing
TheKing,Terminator3,TheKing
John_Doe,TheKing,TheKing
Rambo,John_Doe,Rambo
Terminator3,John_Doe,Terminator3
Rambo,TheKing,TheKing
Rambo,TheKing,TheKing
Rambo,TheKing,TheKing
Terminator3,TheKing,TheKing
John_Doe,DrManhattan,DrManhattan
John_Doe,TheKing,TheKing
Rambo,TheKing,TheKing
DrManhattan,Geralt,DrManhattan
DrManhattan,Geralt,DrManhattan
DrManhattan,TheKing,TheKing
John_Doe,TheKing,TheKing
Terminator3,Geralt,Terminator3
TheKing,Rambo,TheKing
Geralt,Terminator3,Terminator3
TheKing,Rambo,TheKing
John_Doe,DrManhattan,DrManhattan
Terminator3,Geralt,Terminator3
Terminator3,John_Doe,Terminator3
John_Doe,Terminator3,Terminator3
DrManhattan,Rambo,DrManhattan
Geralt,DrManhattan,DrManhattan
Rambo,Geralt,Rambo
TheKing,John_Doe,TheKing
Rambo,John_Doe,Rambo
TheKing,Terminator3,TheKing
Terminator3,TheKing,TheKing
John_Doe,Rambo,Rambo
Rambo,DrManhattan,DrManhattan
Terminator3,Geralt,Terminator3
Terminator3,Rambo,Rambo
Terminator3,Rambo,Rambo
Geralt,John_Doe,Geralt
Terminator3,Rambo,Rambo
TheKing,Terminator3,TheKing
Terminator3,John_Doe,Terminator3
TheKing,DrManhattan,TheKing
Geralt,DrManhattan,DrManhattan
TheKing,John_Doe,TheKing
DrManhattan,Rambo,DrManhattan
John_Doe,DrManhattan,DrManhattan
Terminator3,Rambo,Rambo
Terminator3,Geralt,Terminator3
Geralt,Rambo,Rambo
Rambo,Geralt,Rambo
John_Doe,TheKing,TheKing
DrManhattan,Rambo,DrManhattan
DrManhattan,Rambo,DrManhattan
John_Doe,Geralt,Geralt
Geralt,Rambo,Rambo
Terminator3,Rambo,Rambo
Geralt,DrManhattan,DrManhattan
Terminator3,TheKing,TheKing
Rambo,TheKing,TheKing
Terminator3,DrManhattan,DrManhattan
DrManhattan,Rambo,DrManhattan
Geralt,Rambo,Rambo
Terminator3,Geralt,Terminator3
Terminator3,DrManhattan,DrManhattan
TheKing,Terminator3,TheKing
Geralt,Terminator3,Terminator3
DrManhattan,TheKing,TheKing
TheKing,Rambo,TheKing
Geralt,John_Doe,Geralt
DrManhattan,Rambo,DrManhattan
John_Doe,Terminator3,Terminator3
Rambo,John_Doe,Rambo
Rambo,John_Doe,Rambo
John_Doe,Terminator3,Terminator3
John_Doe,Rambo,Rambo
John_Doe,Geralt,Geralt
Geralt,John_Doe,Geralt
TheKing,Terminator3,TheKing
Rambo,Geralt,Rambo
John_Doe,DrManhattan,DrManhattan
DrManhattan,Rambo,DrManhattan
TheKing,Rambo,TheKing
TheKing,DrManhattan,TheKing
DrManhattan,Rambo,DrManhattan
Rambo,Geralt,Rambo
TheKing,Terminator3,TheKing
Terminator3,DrManhattan,DrManhattan
DrManhattan,John_Doe,DrManhattan
DrManhattan,Geralt,DrManhattan
Rambo,DrManhattan,DrManhattan
Terminator3,DrManhattan,DrManhattan
TheKing,Geralt,TheKing
John_Doe,Geralt,Geralt
Rambo,Terminator3,Rambo
John_Doe,Geralt,Geralt
John_Doe,Geralt,Geralt
Terminator3,Rambo,Rambo
TheKing,Rambo,TheKing
Terminator3,John_Doe,Terminator3
DrManhattan,Geralt,DrManhattan
DrManhattan,John_Doe,DrManhattan
TheKing,John_Doe,TheKing
Terminator3,TheKing,TheKing
Geralt,John_Doe,Geralt
John_Doe,TheKing,TheKing
TheKing,Terminator3,TheKing
Terminator3,Geralt,Terminator3
Geralt,DrManhattan,DrManhattan
Rambo,TheKing,TheKing
Geralt,TheKing,TheKing
John_Doe,Terminator3,Terminator3
TheKing,Geralt,TheKing
DrManhattan,Rambo,DrManhattan
Rambo,DrManhattan,DrManhattan
Geralt,Terminator3,Terminator3
TheKing,Geralt,TheKing
Geralt,Rambo,Rambo
Geralt,TheKing,TheKing
TheKing,Terminator3,TheKing
DrManhattan,TheKing,TheKing
TheKing,Geralt,TheKing
Terminator3,Rambo,Rambo
Geralt,Terminator3,Terminator3
Rambo,Geralt,Rambo
Geralt,John_Doe,Geralt
DrManhattan,Geralt,DrManhattan
John_Doe,TheKing,TheKing
John_Doe,Rambo,Rambo
Terminator3,Rambo,Rambo
Geralt,John_Doe,Geralt
Rambo,Geralt,Rambo
Terminator3,DrManhattan,DrManhattan
Rambo,TheKing,TheKing
Terminator3,John_Doe,Terminator3
TheKing,John_Doe,TheKing
Rambo,TheKing,TheKing
Terminator3,TheKing,TheKing
Terminator3,DrManhattan,DrManhattan
DrManhattan,John_Doe,DrManhattan
TheKing,Terminator3,TheKing
Geralt,DrManhattan,DrManhattan
Geralt,Rambo,Rambo
Rambo,Geralt,Rambo
Terminator3,TheKing,TheKing
Rambo,Terminator3,Rambo
TheKing,John_Doe,TheKing
Geralt,Rambo,Rambo
Geralt,Terminator3,Terminator3
DrManhattan,Terminator3,DrManhattan
Terminator3,TheKing,TheKing
Terminator3,DrManhattan,DrManhattan
TheKing,Rambo,TheKing
Geralt,DrManhattan,DrManhattan
John_Doe,Terminator3,Terminator3
DrManhattan,TheKing,TheKing
John_Doe,Geralt,Geralt
Geralt,John_Doe,Geralt
John_Doe,DrManhattan,DrManhattan
Rambo,TheKing,TheKing
TheKing,Rambo,TheKing
John_Doe,Rambo,Rambo
John_Doe,TheKing,TheKing
TheKing,DrManhattan,TheKing
TheKing,Geralt,TheKing
TheKing,John_Doe,TheKing
DrManhattan,Terminator3,DrManhattan
DrManhattan,John_Doe,DrManhattan
John_Doe,TheKing,TheKing
Rambo,TheKing,TheKing
Terminator3,Rambo,Rambo
DrManhattan,Terminator3,DrManhattan
John_Doe,TheKing,TheKing
John_Doe,Terminator3,John_Doe
John_Doe,TheKing,TheKing
Rambo,Geralt,Rambo
TheKing,Geralt,TheKing
John_Doe,TheKing,TheKing
Geralt,Terminator3,Terminator3
Terminator3,Rambo,Rambo
Geralt,DrManhattan,DrManhattan
John_Doe,Rambo,Rambo
John_Doe,Rambo,Rambo
TheKing,DrManhattan,TheKing
Rambo,DrManhattan,DrManhattan
TheKing,Geralt,TheKing
Terminator3,Geralt,Terminator3
John_Doe,Geralt,Geralt
DrManhattan,Terminator3,DrManhattan
John_Doe,Geralt,Geralt
Terminator3,DrManhattan,DrManhattan
John_Doe,Rambo,Rambo
Rambo,John_Doe,Rambo
DrManhattan,TheKing,TheKing
Rambo,TheKing,TheKing
TheKing,DrManhattan,TheKing
Geralt,Terminator3,Terminator3
Rambo,Terminator3,Rambo
TheKing,Rambo,TheKing
Terminator3,DrManhattan,DrManhattan
John_Doe,Geralt,Geralt
Geralt,DrManhattan,DrManhattan
TheKing,John_Doe,TheKing
Rambo,DrManhattan,DrManhattan
DrManhattan,TheKing,TheKing
DrManhattan,Terminator3,DrManhattan
DrManhattan,John_Doe,DrManhattan
Geralt,Rambo,Rambo
Geralt,Terminator3,Terminator3
TheKing,DrManhattan,TheKing
Geralt,John_Doe,Geralt
John_Doe,DrManhattan,DrManhattan
John_Doe,Terminator3,Terminator3
TheKing,DrManhattan,TheKing
John_Doe,Rambo,Rambo
John_Doe,Terminator3,Terminator3
Terminator3,Rambo,Rambo
Geralt,Terminator3,Terminator3
Rambo,DrManhattan,DrManhattan
TheKing,Terminator3,TheKing
DrManhattan,TheKing,TheKing
DrManhattan,Terminator3,DrManhattan
John_Doe,Geralt,Geralt
TheKing,Geralt,TheKing
Geralt,Terminator3,Terminator3
Terminator3,DrManhattan,DrManhattan
DrManhattan,Terminator3,DrManhattan
DrManhattan,TheKing,TheKing
Geralt,John_Doe,Geralt
DrManhattan,Rambo,DrManhattan
Rambo,TheKing,TheKing
Geralt,John_Doe,Geralt
Rambo,TheKing,TheKing
John_Doe,Rambo,Rambo
DrManhattan,John_Doe,DrManhattan
Geralt,Rambo,Rambo
Terminator3,TheKing,TheKing
DrManhattan,Terminator3,DrManhattan
Terminator3,John_Doe,Terminator3
Rambo,Terminator3,Rambo
Terminator3,TheKing,TheKing
John_Doe,Geralt,Geralt
TheKing,Terminator3,TheKing
DrManhattan,Rambo,DrManhattan
DrManhattan,Rambo,DrManhattan
DrManhattan,Rambo,DrManhattan
Terminator3,John_Doe,Terminator3
Rambo,DrManhattan,DrManhattan
John_Doe,Terminator3,Terminator3
Rambo,John_Doe,Rambo
John_Doe,TheKing,TheKing
DrManhattan,Geralt,DrManhattan
John_Doe,Terminator3,Terminator3
Geralt,TheKing,TheKing
TheKing,DrManhattan,TheKing
John_Doe,TheKing,TheKing
DrManhattan,Rambo,DrManhattan
Terminator3,DrManhattan,DrManhattan
John_Doe,DrManhattan,DrManhattan
John_Doe,Geralt,Geralt
DrManhattan,Rambo,DrManhattan
Geralt,John_Doe,Geralt
Rambo,John_Doe,Rambo
Rambo,Geralt,Rambo
Rambo,DrManhattan,DrManhattan
Terminator3,Geralt,Terminator3
John_Doe,TheKing,TheKing
Terminator3,DrManhattan,DrManhattan
Terminator3,Geralt,Terminator3
Rambo,Terminator3,Rambo
John_Doe,DrManhattan,DrManhattan
TheKing,Terminator3,TheKing
DrManhattan,Rambo,DrManhattan
Rambo,TheKing,TheKing
TheKing,John_Doe,TheKing
Geralt,TheKing,TheKing
Rambo,DrManhattan,DrManhattan
John_Doe,Geralt,Geralt
Geralt,TheKing,TheKing
Rambo,Geralt,Rambo
DrManhattan,Rambo,DrManhattan
Terminator3,DrManhattan,DrManhattan
John_Doe,Rambo,Rambo
TheKing,Geralt,TheKing
Geralt,John_Doe,Geralt
TheKing,John_Doe,TheKing
DrManhattan,TheKing,TheKing
TheKing,Rambo,TheKing
DrManhattan,John_Doe,DrManhattan
John_Doe,Geralt,Geralt
TheKing,Geralt,TheKing
TheKing,Terminator3,TheKing
TheKing,DrManhattan,TheKing
John_Doe,TheKing,TheKing
Terminator3,John_Doe,Terminator3
Terminator3,DrManhattan,DrManhattan
TheKing,Terminator3,TheKing
DrManhattan,Geralt,DrManhattan
John_Doe,Geralt,Geralt
DrManhattan,TheKing,TheKing
Terminator3,John_Doe,Terminator3
DrManhattan,Terminator3,DrManhattan
John_Doe,Rambo,Rambo
TheKing,John_Doe,TheKing
Terminator3,Rambo,Rambo
Rambo,Terminator3,Rambo
Geralt,TheKing,TheKing
TheKing,Terminator3,TheKing
DrManhattan,John_Doe,DrManhattan
John_Doe,TheKing,TheKing
Geralt,Terminator3,Terminator3
John_Doe,TheKing,TheKing
Terminator3,John_Doe,Terminator3
DrManhattan,John_Doe,DrManhattan
John_Doe,TheKing,TheKing
Rambo,DrManhattan,DrManhattan
John_Doe,TheKing,TheKing
Geralt,John_Doe,Geralt
John_Doe,Terminator3,Terminator3
Geralt,DrManhattan,DrManhattan
Rambo,John_Doe,Rambo
Rambo,Geralt,Rambo
John_Doe,Rambo,Rambo
Terminator3,DrManhattan,DrManhattan
Geralt,Rambo,Rambo
TheKing,DrManhattan,TheKing
Rambo,Terminator3,Rambo
John_Doe,Terminator3,Terminator3
Rambo,Geralt,Rambo
DrManhattan,Geralt,DrManhattan
TheKing,John_Doe,TheKing
DrManhattan,Rambo,DrManhattan
TheKing,DrManhattan,TheKing
John_Doe,Rambo,Rambo
TheKing,John_Doe,TheKing
Terminator3,Rambo,Rambo
DrManhattan,John_Doe,DrManhattan
Rambo,TheKing,TheKing
Geralt,Terminator3,Terminator3
John_Doe,DrManhattan,DrManhattan
TheKing,DrManhattan,TheKing
John_Doe,TheKing,TheKing
Rambo,TheKing,TheKing
Terminator3,TheKing,TheKing
John_Doe,Rambo,Rambo
DrManhattan,Geralt,DrManhattan
DrManhattan,Rambo,DrManhattan
Rambo,John_Doe,Rambo
John_Doe,TheKing,TheKing
John_Doe,TheKing,TheKing
Terminator3,Rambo,Rambo
TheKing,Rambo,TheKing
Rambo,John_Doe,Rambo
Rambo,DrManhattan,DrManhattan
DrManhattan,Terminator3,DrManhattan
DrManhattan,Geralt,DrManhattan
Rambo,Geralt,Rambo
DrManhattan,Geralt,DrManhattan
Rambo,John_Doe,Rambo
TheKing,John_Doe,TheKing
TheKing,Terminator3,TheKing
Geralt,Terminator3,Terminator3
Terminator3,John_Doe,Terminator3
DrManhattan,John_Doe,DrManhattan
Geralt,Rambo,Rambo
DrManhattan,John_Doe,DrManhattan
Terminator3,John_Doe,Terminator3
Terminator3,John_Doe,Terminator3
DrManhattan,TheKing,TheKing
Geralt,Terminator3,Terminator3
Geralt,Terminator3,Terminator3
Rambo,John_Doe,Rambo
John_Doe,TheKing,TheKing
Geralt,Terminator3,Terminator3
Rambo,Terminator3,Rambo
DrManhattan,TheKing,TheKing
DrManhattan,TheKing,TheKing
John_Doe,Rambo,Rambo
Terminator3,Rambo,Rambo
Rambo,TheKing,TheKing
TheKing,John_Doe,TheKing
Geralt,TheKing,TheKing
TheKing,DrManhattan,TheKing
Geralt,Rambo,Rambo
John_Doe,Rambo,Rambo
Geralt,Terminator3,Terminator3
Geralt,Terminator3,Terminator3
TheKing,John_Doe,TheKing
DrManhattan,Rambo,DrManhattan
Terminator3,DrManhattan,DrManhattan
Terminator3,TheKing,TheKing
Terminator3,TheKing,TheKing
DrManhattan,John_Doe,DrManhattan
DrManhattan,Terminator3,DrManhattan
TheKing,Rambo,TheKing
DrManhattan,John_Doe,DrManhattan
Rambo,Geralt,Rambo
DrManhattan,John_Doe,DrManhattan
Terminator3,Rambo,Rambo
John_Doe,TheKing,TheKing
Geralt,Rambo,Rambo
Terminator3,John_Doe,Terminator3
Terminator3,Geralt,Terminator3
Geralt,DrManhattan,DrManhattan
TheKing,Terminator3,TheKing
TheKing,Rambo,TheKing
Terminator3,DrManhattan,DrManhattan
Geralt,DrManhattan,DrManhattan
Rambo,Terminator3,Rambo
John_Doe,Geralt,Geralt
Rambo,DrManhattan,DrManhattan
John_Doe,Rambo,Rambo
Geralt,John_Doe,Geralt
DrManhattan,Terminator3,DrManhattan
Rambo,DrManhattan,DrManhattan
DrManhattan,TheKing,TheKing
TheKing,Geralt,TheKing
John_Doe,Rambo,Rambo
DrManhattan,TheKing,TheKing
DrManhattan,Terminator3,DrManhattan
Geralt,DrManhattan,DrManhattan
DrManhattan,TheKing,TheKing
Geralt,John_Doe,Geralt
John_Doe,DrManhattan,DrManhattan
Geralt,TheKing,TheKing
TheKing,John_Doe,TheKing
Geralt,John_Doe,Geralt
Geralt,Rambo,Rambo
DrManhattan,John_Doe,DrManhattan
TheKing,DrManhattan,TheKing
Geralt,John_Doe,Geralt
Rambo,Geralt,Rambo
TheKing,John_Doe,TheKing
John_Doe,DrManhattan,DrManhattan
TheKing,John_Doe,TheKing
Rambo,TheKing,TheKing
John_Doe,Geralt,Geralt
TheKing,DrManhattan,TheKing
Geralt,John_Doe,Geralt
Geralt,Rambo,Rambo
TheKing,DrManhattan,TheKing
TheKing,Rambo,TheKing
TheKing,Rambo,TheKing
DrManhattan,TheKing,TheKing
Geralt,John_Doe,Geralt
Terminator3,John_Doe,Terminator3
John_Doe,Geralt,Geralt
Geralt,DrManhattan,DrManhattan
Rambo,John_Doe,Rambo
DrManhattan,John_Doe,DrManhattan
Geralt,Terminator3,Terminator3
TheKing,Rambo,TheKing
John_Doe,DrManhattan,DrManhattan
Rambo,Terminator3,Rambo
TheKing,DrManhattan,TheKing
Terminator3,TheKing,TheKing
Terminator3,TheKing,TheKing
Rambo,Geralt,Rambo
John_Doe,TheKing,TheKing
TheKing,Geralt,TheKing
Rambo,Geralt,Rambo
Geralt,DrManhattan,DrManhattan
Rambo,Terminator3,Rambo
Terminator3,Geralt,Terminator3
TheKing,Terminator3,TheKing
Terminator3,TheKing,TheKing
TheKing,John_Doe,TheKing
DrManhattan,Terminator3,DrManhattan
Geralt,Terminator3,Geralt
Terminator3,John_Doe,Terminator3
Geralt,Rambo,Rambo
Geralt,Terminator3,Terminator3
TheKing,Terminator3,TheKing
Rambo,DrManhattan,DrManhattan
Terminator3,TheKing,TheKing
Rambo,Terminator3,Rambo
Terminator3,John_Doe,Terminator3
Geralt,John_Doe,Geralt
Terminator3,John_Doe,Terminator3
TheKing,Terminator3,TheKing
John_Doe,Geralt,Geralt
TheKing,Rambo,TheKing
Rambo,TheKing,TheKing
DrManhattan,John_Doe,DrManhattan
John_Doe,TheKing,TheKing
Geralt,Terminator3,Terminator3
DrManhattan,Terminator3,DrManhattan
Terminator3,TheKing,TheKing
John_Doe,Terminator3,Terminator3
John_Doe,Geralt,Geralt
Geralt,Rambo,Rambo
Rambo,Terminator3,Rambo
Geralt,Terminator3,Terminator3
Terminator3,John_Doe,Terminator3
John_Doe,Terminator3,Terminator3
Terminator3,Rambo,Rambo
TheKing,Rambo,TheKing
DrManhattan,Terminator3,DrManhattan
TheKing,DrManhattan,TheKing
DrManhattan,John_Doe,DrManhattan
Terminator3,Rambo,Rambo
Rambo,DrManhattan,DrManhattan
DrManhattan,John_Doe,DrManhattan
Geralt,DrManhattan,DrManhattan
DrManhattan,Terminator3,DrManhattan
Rambo,DrManhattan,DrManhattan
Geralt,TheKing,TheKing
Geralt,DrManhattan,DrManhattan
Terminator3,Geralt,Terminator3
Rambo,Terminator3,Rambo
TheKing,Geralt,TheKing
Terminator3,Geralt,Terminator3
Geralt,John_Doe,Geralt
John_Doe,Geralt,Geralt
Geralt,DrManhattan,DrManhattan
Rambo,Geralt,Rambo
TheKing,John_Doe,TheKing
John_Doe,TheKing,TheKing
Geralt,Rambo,Rambo
Terminator3,John_Doe,Terminator3
Geralt,DrManhattan,DrManhattan
TheKing,John_Doe,TheKing
TheKing,Terminator3,TheKing
John_Doe,TheKing,TheKing
TheKing,Terminator3,TheKing
TheKing,John_Doe,TheKing
Terminator3,John_Doe,Terminator3
Geralt,DrManhattan,DrManhattan
Terminator3,Geralt,Terminator3
Rambo,Terminator3,Rambo
TheKing,DrManhattan,TheKing
John_Doe,Geralt,Geralt
Geralt,TheKing,TheKing
John_Doe,Geralt,Geralt
Terminator3,DrManhattan,DrManhattan
Geralt,Rambo,Rambo
TheKing,John_Doe,TheKing
Rambo,John_Doe,Rambo
Rambo,DrManhattan,DrManhattan
Geralt,Rambo,Rambo
TheKing,Geralt,TheKing
Geralt,Rambo,Rambo
Terminator3,Geralt,Terminator3
Rambo,Geralt,Rambo
Terminator3,John_Doe,Terminator3
Geralt,TheKing,TheKing
John_Doe,Terminator3,Terminator3
Rambo,Geralt,Rambo
Rambo,Terminator3,Rambo
DrManhattan,Rambo,DrManhattan
TheKing,Terminator3,TheKing
Terminator3,John_Doe,Terminator3
DrManhattan,John_Doe,DrManhattan
Terminator3,TheKing,TheKing
Geralt,Terminator3,Terminator3
TheKing,Terminator3,TheKing
Terminator3,DrManhattan,DrManhattan
DrManhattan,Terminator3,DrManhattan
Geralt,Rambo,Rambo
TheKing,Rambo,TheKing
Terminator3,DrManhattan,DrManhattan
TheKing,DrManhattan,TheKing
Terminator3,TheKing,TheKing
TheKing,John_Doe,TheKing
Rambo,Terminator3,Rambo
TheKing,Rambo,TheKing
Geralt,John_Doe,Geralt
John_Doe,Geralt,Geralt
DrManhattan,Terminator3,DrManhattan
Terminator3,John_Doe,Terminator3
John_Doe,TheKing,TheKing
Terminator3,TheKing,TheKing
Terminator3,DrManhattan,DrManhattan
DrManhattan,Geralt,DrManhattan
Rambo,Geralt,Rambo
John_Doe,Geralt,Geralt
Rambo,TheKing,TheKing
Terminator3,DrManhattan,DrManhattan
John_Doe,TheKing,TheKing
DrManhattan,Geralt,DrManhattan
DrManhattan,Rambo,DrManhattan
Geralt,Terminator3,Terminator3
Terminator3,Rambo,Rambo
DrManhattan,Geralt,DrManhattan
Geralt,John_Doe,Geralt
Rambo,Terminator3,Rambo
Rambo,TheKing,TheKing
TheKing,Terminator3,TheKing
Rambo,John_Doe,Rambo
DrManhattan,Rambo,DrManhattan
Rambo,TheKing,TheKing
Terminator3,DrManhattan,DrManhattan
Rambo,TheKing,TheKing
TheKing,Terminator3,TheKing
TheKing,Geralt,TheKing
Rambo,John_Doe,Rambo
John_Doe,Terminator3,Terminator3
Geralt,DrManhattan,DrManhattan
John_Doe,Terminator3,Terminator3
DrManhattan,Geralt,DrManhattan
TheKing,Geralt,TheKing
DrManhattan,Terminator3,DrManhattan
Rambo,Terminator3,Rambo
DrManhattan,Rambo,DrManhattan
Terminator3,TheKing,TheKing
DrManhattan,Rambo,DrManhattan
DrManhattan,TheKing,TheKing
TheKing,Rambo,TheKing
TheKing,DrManhattan,TheKing
John_Doe,TheKing,TheKing
Rambo,TheKing,TheKing
DrManhattan,Geralt,DrManhattan
DrManhattan,TheKing,TheKing
DrManhattan,John_Doe,DrManhattan
TheKing,John_Doe,TheKing
John_Doe,Terminator3,Terminator3
John_Doe,TheKing,TheKing
DrManhattan,TheKing,TheKing
TheKing,Rambo,TheKing
DrManhattan,John_Doe,DrManhattan
Rambo,John_Doe,Rambo
Rambo,DrManhattan,DrManhattan
Geralt,TheKing,TheKing
Geralt,DrManhattan,DrManhattan
Rambo,Terminator3,Rambo
DrManhattan,Terminator3,DrManhattan
Rambo,John_Doe,Rambo
Terminator3,TheKing,TheKing
Rambo,TheKing,TheKing
Terminator3,DrManhattan,DrManhattan
DrManhattan,Terminator3,DrManhattan
TheKing,Geralt,TheKing
Terminator3,John_Doe,Terminator3
DrManhattan,Rambo,DrManhattan
John_Doe,Terminator3,Terminator3
DrManhattan,TheKing,TheKing
Rambo,John_Doe,Rambo
Geralt,Terminator3,Terminator3
TheKing,Geralt,TheKing
TheKing,Terminator3,TheKing
John_Doe,DrManhattan,DrManhattan
Rambo,Geralt,Rambo
Terminator3,Geralt,Terminator3
Terminator3,Geralt,Terminator3
Geralt,Terminator3,Terminator3
John_Doe,TheKing,TheKing
DrManhattan,Geralt,DrManhattan
TheKing,DrManhattan,TheKing
Terminator3,Geralt,Terminator3
Terminator3,TheKing,TheKing
John_Doe,DrManhattan,DrManhattan
John_Doe,Rambo,Rambo
TheKing,Rambo,TheKing
TheKing,Terminator3,TheKing
DrManhattan,Geralt,DrManhattan
Rambo,Geralt,Rambo
Terminator3,Geralt,Terminator3
DrManhattan,Rambo,DrManhattan
Geralt,Rambo,Rambo
DrManhattan,TheKing,TheKing
Terminator3,John_Doe,Terminator3
John_Doe,Rambo,Rambo
Geralt,Rambo,Rambo
Rambo,John_Doe,Rambo
John_Doe,Rambo,Rambo
DrManhattan,John_Doe,DrManhattan
TheKing,DrManhattan,TheKing
John_Doe,DrManhattan,DrManhattan
John_Doe,Rambo,Rambo
Terminator3,John_Doe,Terminator3
Geralt,Terminator3,Terminator3
Rambo,Geralt,Rambo
Geralt,TheKing,TheKing
TheKing,DrManhattan,TheKing
John_Doe,Geralt,Geralt
Rambo,Geralt,Rambo
Terminator3,Rambo,Rambo
DrManhattan,Geralt,DrManhattan
Geralt,John_Doe,John_Doe
John_Doe,DrManhattan,DrManhattan
Terminator3,TheKing,TheKing
Rambo,TheKing,TheKing
TheKing,Terminator3,TheKing
DrManhattan,Rambo,DrManhattan
Rambo,John_Doe,Rambo
Terminator3,Geralt,Terminator3
Rambo,Terminator3,Rambo
Rambo,Geralt,Rambo
Geralt,John_Doe,Geralt
Rambo,John_Doe,Rambo
DrManhattan,Geralt,DrManhattan
TheKing,John_Doe,TheKing
John_Doe,TheKing,TheKing
Terminator3,John_Doe,Terminator3
Rambo,DrManhattan,DrManhattan
Rambo,TheKing,TheKing
John_Doe,DrManhattan,DrManhattan
Terminator3,John_Doe,Terminator3
Terminator3,DrManhattan,DrManhattan
Terminator3,TheKing,TheKing
Rambo,Terminator3,Rambo
John_Doe,Rambo,Rambo
DrManhattan,TheKing,TheKing
Terminator3,Rambo,Rambo
TheKing,DrManhattan,TheKing
TheKing,John_Doe,TheKing
John_Doe,Geralt,Geralt
Geralt,John_Doe,Geralt
Geralt,Rambo,Rambo
Geralt,DrManhattan,DrManhattan
DrManhattan,Terminator3,DrManhattan
Rambo,DrManhattan,DrManhattan
Geralt,Rambo,Rambo
Rambo,Terminator3,Rambo
John_Doe,Terminator3,Terminator3
Geralt,TheKing,TheKing
Terminator3,TheKing,TheKing
John_Doe,Terminator3,Terminator3
Terminator3,Geralt,Terminator3
John_Doe,Terminator3,Terminator3
Rambo,John_Doe,Rambo
John_Doe,Rambo,Rambo
Geralt,DrManhattan,DrManhattan
John_Doe,TheKing,TheKing
John_Doe,Geralt,Geralt
Geralt,DrManhattan,DrManhattan
DrManhattan,John_Doe,DrManhattan
TheKing,Rambo,TheKing
Rambo,John_Doe,Rambo
Rambo,Geralt,Rambo
Rambo,John_Doe,Rambo
John_Doe,Terminator3,Terminator3
John_Doe,Geralt,Geralt
Terminator3,Geralt,Terminator3
Rambo,John_Doe,Rambo
Rambo,Terminator3,Rambo
Geralt,John_Doe,Geralt
John_Doe,Terminator3,Terminator3
Terminator3,John_Doe,Terminator3
Geralt,Terminator3,Terminator3
Rambo,Geralt,Rambo
Geralt,Rambo,Rambo
Rambo,TheKing,TheKing
TheKing,John_Doe,TheKing
Terminator3,DrManhattan,DrManhattan
TheKing,Rambo,TheKing
TheKing,Geralt,TheKing
DrManhattan,John_Doe,DrManhattan
DrManhattan,John_Doe,DrManhattan
John_Doe,Terminator3,John_Doe
TheKing,Terminator3,TheKing
TheKing,Terminator3,TheKing
Rambo,Geralt,Rambo
Terminator3,John_Doe,Terminator3
Rambo,Geralt,Rambo
TheKing,Geralt,TheKing
Geralt,John_Doe,Geralt
John_Doe,DrManhattan,DrManhattan
Terminator3,Geralt,Terminator3
John_Doe,DrManhattan,DrManhattan
Geralt,Rambo,Rambo
John_Doe,DrManhattan,DrManhattan
Geralt,Rambo,Rambo
DrManhattan,Terminator3,DrManhattan
TheKing,DrManhattan,TheKing
DrManhattan,TheKing,TheKing
Geralt,John_Doe,Geralt
Geralt,DrManhattan,DrManhattan
TheKing,Rambo,TheKing
Geralt,DrManhattan,DrManhattan
John_Doe,Rambo,Rambo
Geralt,TheKing,TheKing
John_Doe,Terminator3,Terminator3
TheKing,Terminator3,TheKing
Geralt,Rambo,Rambo
Rambo,Terminator3,Rambo
Terminator3,Geralt,Terminator3
DrManhattan,TheKing,TheKing
John_Doe,Geralt,Geralt
Rambo,Terminator3,Rambo
Geralt,DrManhattan,DrManhattan
Rambo,TheKing,TheKing
Rambo,Terminator3,Rambo
Terminator3,DrManhattan,DrManhattan
Geralt,John_Doe,Geralt
John_Doe,Rambo,Rambo
DrManhattan,TheKing,TheKing
DrManhattan,TheKing,TheKing
Terminator3,Rambo,Rambo
DrManhattan,Geralt,DrManhattan
Rambo,TheKing,TheKing
TheKing,Geralt,TheKing
Terminator3,Geralt,Terminator3
John_Doe,Rambo,Rambo
Rambo,DrManhattan,DrManhattan
Terminator3,DrManhattan,DrManhattan
John_Doe,Geralt,Geralt
John_Doe,TheKing,TheKing
John_Doe,Terminator3,Terminator3
John_Doe,Geralt,Geralt
Rambo,TheKing,TheKing
Rambo,Geralt,Rambo
Rambo,TheKing,TheKing
TheKing,Terminator3,TheKing
DrManhattan,Rambo,DrManhattan
TheKing,DrManhattan,TheKing
Rambo,DrManhattan,DrManhattan
Terminator3,TheKing,TheKing
TheKing,Rambo,TheKing
Rambo,DrManhattan,DrManhattan
TheKing,John_Doe,TheKing
Terminator3,John_Doe,Terminator3
Terminator3,Geralt,Terminator3
Terminator3,TheKing,TheKing
Rambo,Terminator3,Rambo
Terminator3,TheKing,TheKing
TheKing,DrManhattan,TheKing
TheKing,Geralt,TheKing
DrManhattan,Rambo,DrManhattan
DrManhattan,John_Doe,DrManhattan
Geralt,Terminator3,Terminator3
DrManhattan,Geralt,DrManhattan
Geralt,Terminator3,Terminator3
TheKing,Rambo,TheKing
John_Doe,TheKing,TheKing
John_Doe,TheKing,TheKing
Rambo,TheKing,TheKing
Geralt,DrManhattan,DrManhattan
John_Doe,Geralt,Geralt
TheKing,John_Doe,TheKing
Terminator3,DrManhattan,DrManhattan
Rambo,DrManhattan,DrManhattan
Rambo,John_Doe,Rambo
Terminator3,Geralt,Terminator3
Rambo,TheKing,TheKing
Geralt,John_Doe,Geralt
Terminator3,DrManhattan,DrManhattan
DrManhattan,Rambo,DrManhattan
Rambo,Geralt,Rambo
Geralt,DrManhattan,DrManhattan
Geralt,Terminator3,Terminator3
John_Doe,DrManhattan,DrManhattan
TheKing,Terminator3,TheKing
Geralt,John_Doe,Geralt
Rambo,DrManhattan,DrManhattan
TheKing,John_Doe,TheKing
DrManhattan,John_Doe,DrManhattan
Terminator3,TheKing,TheKing
Geralt,Rambo,Rambo
TheKing,Geralt,TheKing
Terminator3,Rambo,Rambo
TheKing,John_Doe,TheKing
Rambo,John_Doe,Rambo
John_Doe,Terminator3,Terminator3
TheKing,Geralt,TheKing
Geralt,DrManhattan,DrManhattan
Terminator3,John_Doe,Terminator3
Geralt,DrManhattan,DrManhattan
Geralt,Terminator3,Terminator3
Geralt,John_Doe,Geralt
DrManhattan,TheKing,TheKing
TheKing,DrManhattan,TheKing
Geralt,John_Doe,Geralt
TheKing,Terminator3,TheKing
Rambo,TheKing,TheKing
DrManhattan,John_Doe,DrManhattan
Rambo,John_Doe,Rambo
Terminator3,Rambo,Rambo
John_Doe,DrManhattan,DrManhattan
TheKing,Rambo,TheKing
John_Doe,Rambo,Rambo
DrManhattan,Terminator3,DrManhattan
Geralt,DrManhattan,DrManhattan
Rambo,Terminator3,Rambo
John_Doe,DrManhattan,DrManhattan
Terminator3,DrManhattan,DrManhattan
Terminator3,TheKing,TheKing
DrManhattan,TheKing,TheKing
John_Doe,Rambo,Rambo
Terminator3,John_Doe,Terminator3
Terminator3,Rambo,Rambo
Rambo,Terminator3,Rambo
Geralt,Terminator3,Terminator3
Terminator3,John_Doe,Terminator3
John_Doe,Terminator3,Terminator3
John_Doe,Geralt,Geralt
Terminator3,DrManhattan,DrManhattan
John_Doe,Geralt,Geralt
Rambo,DrManhattan,DrManhattan
Geralt,Terminator3,Terminator3
Terminator3,DrManhattan,DrManhattan
Terminator3,DrManhattan,DrManhattan
Rambo,Terminator3,Rambo
Terminator3,TheKing,TheKing
Terminator3,Geralt,Terminator3
Geralt,DrManhattan,DrManhattan
John_Doe,DrManhattan,DrManhattan
TheKing,Rambo,TheKing
DrManhattan,Geralt,DrManhattan
Geralt,DrManhattan,DrManhattan
Rambo,Geralt,Rambo
Geralt,Rambo,Rambo
Rambo,TheKing,TheKing
TheKing,John_Doe,TheKing
Terminator3,TheKing,TheKing
John_Doe,TheKing,TheKing
TheKing,John_Doe,TheKing
Terminator3,John_Doe,Terminator3
Terminator3,Rambo,Rambo
John_Doe,TheKing,TheKing
TheKing,John_Doe,TheKing
Rambo,Terminator3,Rambo
Rambo,Terminator3,Rambo
DrManhattan,Geralt,DrManhattan
Geralt,Terminator3,Geralt
DrManhattan,Geralt,DrManhattan
John_Doe,Rambo,Rambo
Rambo,DrManhattan,DrManhattan
Geralt,DrManhattan,DrManhattan
TheKing,Terminator3,TheKing
TheKing,DrManhattan,TheKing
John_Doe,TheKing,TheKing
DrManhattan,Terminator3,DrManhattan
Terminator3,Rambo,Rambo
John_Doe,DrManhattan,DrManhattan
TheKing,Rambo,TheKing
Terminator3,Rambo,Rambo
Terminator3,Geralt,Terminator3
John_Doe,TheKing,TheKing
DrManhattan,TheKing,TheKing
TheKing,John_Doe,TheKing
Terminator3,DrManhattan,DrManhattan
DrManhattan,Geralt,DrManhattan
Rambo,Geralt,Rambo
Geralt,John_Doe,Geralt
Geralt,John_Doe,Geralt
Rambo,John_Doe,Rambo
Rambo,John_Doe,Rambo
Terminator3,TheKing,TheKing
Rambo,Geralt,Rambo
Rambo,Geralt,Rambo
DrManhattan,TheKing,TheKing
John_Doe,TheKing,TheKing
John_Doe,Geralt,Geralt
DrManhattan,Terminator3,DrManhattan
Rambo,Terminator3,Rambo
Terminator3,Geralt,Terminator3
Rambo,John_Doe,Rambo
John_Doe,DrManhattan,DrManhattan
Terminator3,Geralt,Terminator3
Terminator3,DrManhattan,DrManhattan
Rambo,TheKing,TheKing
Terminator3,Rambo,Rambo
DrManhattan,Geralt,DrManhattan
Rambo,Geralt,Rambo
DrManhattan,Geralt,DrManhattan
Rambo,Geralt,Rambo
Rambo,Geralt,Rambo
Terminator3,Rambo,Rambo
TheKing,John_Doe,TheKing
TheKing,DrManhattan,TheKing
Terminator3,DrManhattan,DrManhattan
Geralt,Rambo,Rambo
Rambo,Geralt,Rambo
John_Doe,Rambo,Rambo
Geralt,Rambo,Rambo
Terminator3,Geralt,Terminator3
Terminator3,DrManhattan,DrManhattan
Geralt,DrManhattan,DrManhattan
Rambo,John_Doe,Rambo
TheKing,Rambo,TheKing
Rambo,Terminator3,Rambo
John_Doe,TheKing,TheKing
TheKing,DrManhattan,TheKing
Terminator3,DrManhattan,DrManhattan
Rambo,Terminator3,Rambo
Terminator3,DrManhattan,DrManhattan
TheKing,Rambo,TheKing
Terminator3,Rambo,Rambo
Rambo,DrManhattan,DrManhattan
Terminator3,Rambo,Rambo
John_Doe,TheKing,TheKing
Rambo,John_Doe,Rambo
Terminator3,Geralt,Terminator3
Geralt,John_Doe,Geralt
Terminator3,Rambo,Rambo
John_Doe,Terminator3,Terminator3
John_Doe,Rambo,Rambo
TheKing,Geralt,TheKing
Geralt,TheKing,TheKing
John_Doe,DrManhattan,DrManhattan
Geralt,John_Doe,Geralt
Terminator3,TheKing,TheKing
TheKing,John_Doe,TheKing
Geralt,John_Doe,Geralt
Geralt,DrManhattan,DrManhattan
Geralt,Rambo,Rambo
Rambo,Terminator3,Rambo
John_Doe,Rambo,Rambo
John_Doe,Terminator3,Terminator3
John_Doe,DrManhattan,DrManhattan
TheKing,Terminator3,TheKing
TheKing,John_Doe,TheKing
John_Doe,TheKing,TheKing
DrManhattan,Rambo,DrManhattan
Geralt,DrManhattan,DrManhattan
Terminator3,Geralt,Terminator3
Geralt,TheKing,TheKing
John_Doe,Rambo,Rambo
John_Doe,Rambo,Rambo
TheKing,Geralt,TheKing
TheKing,Rambo,TheKing
DrManhattan,TheKing,TheKing
John_Doe,Rambo,Rambo
John_Doe,Terminator3,Terminator3
TheKing,DrManhattan,TheKing
DrManhattan,John_Doe,DrManhattan
Rambo,Terminator3,Rambo
TheKing,Geralt,TheKing
Terminator3,Geralt,Terminator3
John_Doe,DrManhattan,DrManhattan
Terminator3,Rambo,Rambo
John_Doe,DrManhattan,DrManhattan
DrManhattan,Geralt,DrManhattan
Rambo,John_Doe,Rambo
DrManhattan,Rambo,DrManhattan
Geralt,TheKing,TheKing
DrManhattan,Geralt,DrManhattan
Rambo,TheKing,TheKing
John_Doe,Terminator3,Terminator3
DrManhattan,Geralt,DrManhattan
Rambo,TheKing,TheKing
TheKing,Terminator3,TheKing
Rambo,Terminator3,Rambo
Terminator3,TheKing,TheKing
Geralt,Terminator3,Terminator3
Geralt,TheKing,TheKing
TheKing,John_Doe,TheKing
Rambo,DrManhattan,DrManhattan
John_Doe,Terminator3,Terminator3
DrManhattan,Terminator3,DrManhattan
TheKing,Geralt,TheKing
Geralt,Terminator3,Terminator3
Geralt,DrManhattan,DrManhattan
John_Doe,TheKing,TheKing
Geralt,John_Doe,Geralt
Geralt,Rambo,Rambo
Terminator3,Rambo,Rambo
Rambo,Terminator3,Rambo
Geralt,Terminator3,Terminator3
Terminator3,Geralt,Terminator3
Terminator3,John_Doe,Terminator3
Rambo,TheKing,TheKing
Rambo,Geralt,Rambo
DrManhattan,John_Doe,DrManhattan
Terminator3,Rambo,Rambo
TheKing,John_Doe,TheKing
Rambo,Terminator3,Rambo
DrManhattan,John_Doe,DrManhattan
John_Doe,Rambo,Rambo
John_Doe,DrManhattan,DrManhattan
Terminator3,Geralt,Terminator3
DrManhattan,TheKing,TheKing
Rambo,TheKing,TheKing
Terminator3,TheKing,TheKing
DrManhattan,Geralt,DrManhattan
Rambo,TheKing,TheKing
John_Doe,TheKing,TheKing
Rambo,TheKing,TheKing
DrManhattan,TheKing,TheKing
Rambo,Geralt,Rambo
TheKing,Rambo,TheKing
Geralt,Rambo,Rambo
Terminator3,John_Doe,Terminator3
Geralt,DrManhattan,DrManhattan
Geralt,DrManhattan,DrManhattan
John_Doe,DrManhattan,DrManhattan
John_Doe,DrManhattan,DrManhattan
John_Doe,Geralt,Geralt
Terminator3,TheKing,TheKing
Geralt,Rambo,Rambo
Geralt,TheKing,TheKing
John_Doe,Geralt,Geralt
DrManhattan,Terminator3,DrManhattan
John_Doe,Terminator3,Terminator3
John_Doe,Rambo,Rambo
Geralt,John_Doe,Geralt
John_Doe,TheKing,TheKing
John_Doe,Terminator3,Terminator3
TheKing,DrManhattan,TheKing
John_Doe,TheKing,TheKing
Rambo,Terminator3,Rambo
John_Doe,DrManhattan,DrManhattan
Rambo,DrManhattan,DrManhattan
Rambo,DrManhattan,DrManhattan
Terminator3,Rambo,Rambo
TheKing,John_Doe,TheKing
Terminator3,John_Doe,Terminator3
Rambo,Terminator3,Rambo
Rambo,Terminator3,Rambo
Rambo,TheKing,TheKing
Rambo,Terminator3,Rambo
TheKing,Geralt,TheKing
DrManhattan,Geralt,DrManhattan
Terminator3,TheKing,TheKing
Geralt,Rambo,Rambo
TheKing,Rambo,TheKing
John_Doe,Terminator3,Terminator3
Rambo,DrManhattan,DrManhattan
DrManhattan,Geralt,DrManhattan
DrManhattan,John_Doe,DrManhattan
John_Doe,Terminator3,Terminator3
Geralt,TheKing,TheKing
Rambo,TheKing,TheKing
Terminator3,Geralt,Terminator3
DrManhattan,Rambo,DrManhattan
John_Doe,Geralt,Geralt
John_Doe,DrManhattan,DrManhattan
TheKing,John_Doe,TheKing
John_Doe,Terminator3,Terminator3
Geralt,DrManhattan,DrManhattan
John_Doe,DrManhattan,DrManhattan
TheKing,John_Doe,TheKing
John_Doe,DrManhattan,DrManhattan
DrManhattan,John_Doe,DrManhattan
Rambo,DrManhattan,DrManhattan
Terminator3,John_Doe,Terminator3
Terminator3,Rambo,Rambo
John_Doe,DrManhattan,DrManhattan
Rambo,Terminator3,Rambo
Terminator3,TheKing,TheKing
Geralt,DrManhattan,DrManhattan
John_Doe,DrManhattan,DrManhattan
TheKing,John_Doe,TheKing
John_Doe,Terminator3,Terminator3
TheKing,Terminator3,TheKing
Terminator3,Rambo,Rambo
TheKing,Rambo,TheKing
TheKing,DrManhattan,TheKing
DrManhattan,Geralt,DrManhattan
John_Doe,Geralt,Geralt
Geralt,DrManhattan,DrManhattan
Rambo,Terminator3,Rambo
John_Doe,Geralt,Geralt
John_Doe,Geralt,Geralt
Geralt,DrManhattan,DrManhattan
Terminator3,Geralt,Terminator3
TheKing,John_Doe,TheKing
DrManhattan,TheKing,TheKing
Geralt,Terminator3,Terminator3
Geralt,Rambo,Rambo
TheKing,DrManhattan,TheKing
DrManhattan,Terminator3,DrManhattan
DrManhattan,John_Doe,DrManhattan
DrManhattan,John_Doe,DrManhattan
DrManhattan,Terminator3,DrManhattan
DrManhattan,TheKing,TheKing
Rambo,John_Doe,Rambo
Geralt,TheKing,TheKing
Geralt,TheKing,TheKing
Geralt,Terminator3,Terminator3
TheKing,Terminator3,TheKing
John_Doe,Rambo,Rambo
Geralt,Rambo,Rambo
DrManhattan,Rambo,DrManhattan
DrManhattan,Rambo,DrManhattan
Rambo,Geralt,Rambo
Rambo,DrManhattan,DrManhattan
Terminator3,TheKing,TheKing
TheKing,Terminator3,TheKing
Terminator3,TheKing,TheKing
DrManhattan,Rambo,DrManhattan
DrManhattan,John_Doe,DrManhattan
Terminator3,John_Doe,Terminator3
Terminator3,Geralt,Terminator3
DrManhattan,Terminator3,DrManhattan
Rambo,DrManhattan,DrManhattan
Rambo,TheKing,TheKing
TheKing,Terminator3,TheKing
John_Doe,Rambo,Rambo
Terminator3,DrManhattan,DrManhattan
John_Doe,Rambo,Rambo
Rambo,Geralt,Rambo
Geralt,Rambo,Rambo
Terminator3,John_Doe,Terminator3
DrManhattan,Terminator3,DrManhattan
TheKing,DrManhattan,TheKing
Rambo,Geralt,Rambo
John_Doe,Rambo,Rambo
Geralt,DrManhattan,DrManhattan
Terminator3,John_Doe,Terminator3
TheKing,Rambo,TheKing
DrManhattan,Terminator3,DrManhattan
John_Doe,Geralt,Geralt
John_Doe,Rambo,Rambo
Terminator3,DrManhattan,DrManhattan
Geralt,TheKing,TheKing
Geralt,Rambo,Rambo
Terminator3,Geralt,Terminator3
Terminator3,John_Doe,Terminator3
Terminator3,John_Doe,Terminator3
TheKing,John_Doe,TheKing
Terminator3,TheKing,TheKing
TheKing,Geralt,TheKing
Terminator3,John_Doe,Terminator3
Terminator3,DrManhattan,DrManhattan
Terminator3,TheKing,TheKing
DrManhattan,Rambo,DrManhattan
John_Doe,Terminator3,Terminator3
Geralt,DrManhattan,DrManhattan
DrManhattan,Geralt,DrManhattan
DrManhattan,John_Doe,DrManhattan
Terminator3,DrManhattan,DrManhattan
Geralt,Rambo,Rambo
John_Doe,Terminator3,Terminator3
DrManhattan,Rambo,DrManhattan
Rambo,TheKing,TheKing
TheKing,Rambo,TheKing
Terminator3,Geralt,Terminator3
Rambo,Terminator3,Rambo
Rambo,Terminator3,Rambo
Terminator3,Rambo,Rambo
Geralt,DrManhattan,DrManhattan
John_Doe,Terminator3,Terminator3
John_Doe,Geralt,Geralt
Terminator3,Rambo,Rambo
Rambo,Terminator3,Rambo
TheKing,Geralt,TheKing
TheKing,DrManhattan,TheKing
DrManhattan,Terminator3,DrManhattan
TheKing,DrManhattan,TheKing
John_Doe,DrManhattan,DrManhattan
Rambo,Geralt,Rambo
John_Doe,Terminator3,Terminator3
Terminator3,TheKing,TheKing
Rambo,Geralt,Rambo
John_Doe,Geralt,Geralt
TheKing,Terminator3,TheKing
Terminator3,DrManhattan,DrManhattan
Terminator3,Geralt,Terminator3
TheKing,DrManhattan,TheKing
DrManhattan,Terminator3,DrManhattan
TheKing,Terminator3,TheKing
Rambo,Terminator3,Rambo
Terminator3,John_Doe,Terminator3
Rambo,DrManhattan,DrManhattan
Terminator3,TheKing,TheKing
Geralt,TheKing,TheKing
Rambo,DrManhattan,DrManhattan
Rambo,Terminator3,Rambo
